service,company_size,source,contacts_made,days_since_contact,meeting_held,converted,score
Pulse,51-200,Referral,6,11,1,1,91.0
Forward,51-200,Event,6,18,1,1,90.0
Pulse,51-200,Referral,7,23,1,0,88.0
Pulse,200+,Event,5,9,1,1,88.0
Pulse,51-200,Referral,4,10,1,1,88.0
Pulse,51-200,Event,5,23,1,0,87.0
Pulse,51-200,Event,7,3,0,1,87.0
Pulse,51-200,Event,7,31,1,1,87.0
Nawa,51-200,Event,5,16,1,1,87.0
Forward,200+,Referral,7,11,1,0,87.0
Pulse,200+,Event,4,10,1,1,86.0
Pulse,11-50,Event,4,11,1,1,86.0
Forward,51-200,Referral,5,18,1,1,86.0
Pulse,51-200,Referral,3,12,1,1,86.0
Pulse,51-200,Referral,1,3,1,1,86.0
Pulse,200+,Event,7,22,1,1,85.0
Pulse,51-200,LinkedIn,6,1,1,1,85.0
Forward,11-50,Event,2,4,1,0,85.0
Nawa,11-50,Event,5,13,1,1,84.0
Pulse,11-50,Referral,3,4,1,1,84.0
Nawa,51-200,Event,3,15,1,1,84.0
Pulse,51-200,LinkedIn,5,1,1,1,84.0
Nawa,11-50,Event,3,7,1,1,83.0
Pulse,51-200,LinkedIn,7,10,1,1,83.0
Nawa,11-50,Referral,4,5,1,1,83.0
Pulse,11-50,Referral,3,6,1,0,83.0
Forward,11-50,Referral,6,20,1,1,82.0
Pulse,11-50,Event,6,28,1,1,81.0
Nawa,51-200,Referral,7,3,0,0,81.0
Forward,51-200,LinkedIn,6,9,1,1,81.0
Forward,51-200,Referral,7,10,0,1,80.0
Pulse,11-50,LinkedIn,7,4,1,1,80.0
Pulse,51-200,LinkedIn,6,12,1,0,80.0
Forward,51-200,LinkedIn,7,16,1,1,79.0
Nawa,11-50,Referral,4,11,1,0,79.0
Pulse,51-200,Event,3,33,1,0,78.0
Pulse,51-200,Event,4,37,1,1,78.0
Pulse,200+,LinkedIn,7,6,1,0,78.0
Pulse,51-200,Referral,4,30,1,1,78.0
Forward,51-200,Referral,2,23,1,1,77.0
Pulse,11-50,Event,6,35,1,1,77.0
Pulse,11-50,LinkedIn,6,7,1,1,76.0
Nawa,1-10,Event,7,14,1,1,76.0
Forward,11-50,Event,4,28,1,1,76.0
Nawa,200+,Referral,2,7,1,0,76.0
Pulse,11-50,Referral,7,37,1,1,74.0
Forward,1-10,Event,3,7,1,1,74.0
Forward,11-50,LinkedIn,7,12,1,1,74.0
Pulse,11-50,Event,3,28,1,1,73.0
Pulse,200+,Referral,7,37,1,1,73.0
Pulse,11-50,Event,7,16,0,1,73.0
Nawa,11-50,Event,2,18,1,0,73.0
Nawa,11-50,Referral,2,12,1,0,73.0
Forward,11-50,Event,5,37,1,1,72.0
Pulse,11-50,Event,2,26,1,0,72.0
Pulse,51-200,Event,5,20,0,1,72.0
Forward,11-50,Event,3,29,1,0,72.0
Pulse,51-200,Cold outreach,7,6,1,1,72.0
Pulse,11-50,Referral,4,28,1,1,72.0
Forward,51-200,Event,4,17,0,0,71.0
Forward,51-200,Referral,2,32,1,0,71.0
Pulse,1-10,Event,2,7,1,1,71.0
Pulse,51-200,Event,3,15,0,1,70.0
Nawa,11-50,Referral,6,3,0,1,70.0
Pulse,51-200,Cold outreach,7,10,1,1,69.0
Pulse,200+,LinkedIn,6,14,1,1,69.0
Pulse,11-50,Referral,7,14,0,1,69.0
Nawa,11-50,Referral,7,10,0,0,68.0
Nawa,1-10,Referral,5,11,1,1,68.0
Nawa,51-200,Referral,7,21,0,1,68.0
Nawa,1-10,Event,2,6,1,1,67.0
Forward,11-50,Referral,5,37,1,1,67.0
Nawa,51-200,LinkedIn,2,7,1,1,67.0
Pulse,51-200,Referral,5,51,1,0,66.0
Nawa,11-50,Event,5,39,1,1,66.0
Nawa,51-200,Event,4,18,0,1,66.0
Pulse,11-50,Event,3,38,1,0,66.0
Forward,11-50,Referral,7,46,1,0,66.0
Forward,1-10,Event,3,17,1,1,66.0
Forward,11-50,Referral,7,46,1,1,66.0
Nawa,1-10,Event,3,13,1,0,65.0
Nawa,51-200,LinkedIn,7,30,1,1,65.0
Pulse,11-50,Referral,4,8,0,0,65.0
Pulse,51-200,LinkedIn,2,16,1,0,65.0
Forward,11-50,Event,6,50,1,0,65.0
Pulse,51-200,LinkedIn,2,18,1,1,64.0
Forward,51-200,Referral,1,7,0,1,64.0
Nawa,11-50,Event,6,45,1,1,64.0
Forward,51-200,LinkedIn,5,30,1,0,63.0
Nawa,11-50,Event,7,22,0,1,63.0
Pulse,51-200,Referral,4,50,1,1,63.0
Pulse,1-10,Referral,1,8,1,1,62.0
Forward,51-200,Referral,6,58,1,1,62.0
Nawa,51-200,LinkedIn,7,4,0,0,62.0
Pulse,1-10,Event,6,5,0,0,62.0
Forward,51-200,Referral,1,10,0,0,62.0
Forward,51-200,Referral,1,10,0,1,62.0
Pulse,11-50,LinkedIn,7,28,1,1,62.0
Pulse,11-50,Event,2,10,0,0,61.0
Forward,51-200,Referral,5,27,0,1,61.0
Forward,51-200,Cold outreach,6,14,1,0,61.0
Pulse,11-50,LinkedIn,3,14,1,1,61.0
Nawa,200+,Referral,2,26,1,0,61.0
Nawa,1-10,Referral,3,11,1,0,61.0
Pulse,11-50,Event,5,23,0,0,60.0
Pulse,1-10,Event,3,25,1,1,60.0
Nawa,51-200,Referral,4,19,0,1,60.0
Pulse,11-50,LinkedIn,5,23,1,1,60.0
Nawa,1-10,Event,4,23,1,1,59.0
Forward,1-10,Referral,5,27,1,1,59.0
Nawa,11-50,Event,3,11,0,0,58.0
Pulse,200+,Referral,3,10,0,0,58.0
Nawa,11-50,Event,3,11,0,0,58.0
Nawa,51-200,LinkedIn,3,22,1,0,58.0
Nawa,11-50,LinkedIn,3,10,1,1,58.0
Pulse,200+,Referral,6,51,1,0,58.0
Pulse,51-200,Referral,4,57,1,0,57.0
Pulse,51-200,Cold outreach,6,20,1,0,57.0
Forward,51-200,LinkedIn,6,40,1,0,57.0
Nawa,11-50,LinkedIn,7,29,1,1,56.0
Nawa,200+,LinkedIn,3,11,1,1,56.0
Forward,51-200,Referral,1,17,0,1,56.0
Pulse,51-200,LinkedIn,4,35,1,1,55.0
Pulse,51-200,Event,3,32,0,1,55.0
Nawa,11-50,Referral,5,47,1,0,54.0
Forward,11-50,LinkedIn,5,28,1,0,54.0
Forward,200+,Referral,3,43,1,0,54.0
Forward,11-50,Cold outreach,4,3,1,1,54.0
Pulse,1-10,Referral,4,29,1,0,54.0
Pulse,11-50,Referral,3,46,1,0,53.0
Pulse,1-10,Event,4,7,0,1,53.0
Nawa,11-50,Event,4,21,0,1,53.0
Forward,51-200,Cold outreach,7,27,1,0,53.0
Forward,1-10,Event,1,24,1,0,53.0
Nawa,51-200,Cold outreach,2,2,1,0,53.0
Pulse,1-10,Referral,1,18,1,1,53.0
Pulse,1-10,Referral,7,13,0,1,53.0
Pulse,51-200,LinkedIn,6,47,1,1,52.0
Forward,1-10,Referral,7,13,0,1,52.0
Nawa,200+,Referral,1,32,1,1,52.0
Forward,51-200,Referral,7,45,0,1,52.0
Forward,11-50,LinkedIn,5,1,0,0,52.0
Pulse,11-50,LinkedIn,6,36,1,1,51.0
Forward,1-10,Event,5,12,0,1,51.0
Nawa,200+,Event,4,50,1,0,51.0
Pulse,1-10,Referral,6,11,0,1,51.0
Nawa,11-50,Event,2,16,0,1,50.0
Forward,11-50,LinkedIn,7,11,0,1,50.0
Pulse,51-200,LinkedIn,3,8,0,1,50.0
Forward,11-50,Event,1,47,1,0,50.0
Nawa,51-200,Referral,3,26,0,1,49.0
Nawa,1-10,Event,5,38,1,1,49.0
Forward,11-50,Referral,7,36,0,1,49.0
Forward,1-10,Referral,3,30,1,1,49.0
Pulse,200+,Event,7,42,0,0,49.0
Forward,11-50,LinkedIn,3,26,1,1,49.0
Nawa,11-50,Event,5,30,0,1,48.0
Nawa,1-10,LinkedIn,7,17,1,0,48.0
Forward,11-50,Referral,7,38,0,1,48.0
Pulse,51-200,LinkedIn,4,43,1,1,48.0
Pulse,51-200,LinkedIn,6,22,0,0,48.0
Nawa,1-10,Event,2,0,0,0,47.0
Forward,11-50,LinkedIn,5,36,1,1,47.0
Nawa,200+,Event,6,34,0,1,47.0
Nawa,11-50,LinkedIn,7,9,0,0,47.0
Nawa,51-200,LinkedIn,5,13,0,0,47.0
Pulse,11-50,LinkedIn,2,25,1,0,47.0
Pulse,11-50,Referral,6,35,0,0,47.0
Forward,11-50,LinkedIn,5,37,1,1,46.0
Pulse,51-200,Cold outreach,7,6,0,0,46.0
Forward,11-50,Referral,4,28,0,1,46.0
Nawa,51-200,LinkedIn,7,22,0,0,46.0
Nawa,200+,LinkedIn,4,26,1,0,46.0
Nawa,11-50,LinkedIn,5,2,0,0,46.0
Pulse,1-10,Referral,1,26,1,1,46.0
Forward,1-10,Referral,5,13,0,0,45.0
Pulse,200+,Event,6,42,0,1,45.0
Forward,1-10,Referral,7,21,0,0,45.0
Pulse,11-50,LinkedIn,3,2,0,0,45.0
Pulse,11-50,Referral,1,47,1,1,45.0
Pulse,51-200,Cold outreach,6,5,0,1,44.0
Nawa,51-200,LinkedIn,1,0,0,0,44.0
Forward,51-200,LinkedIn,2,40,1,0,43.0
Forward,11-50,LinkedIn,4,36,1,1,43.0
Forward,11-50,LinkedIn,3,33,1,0,42.0
Forward,1-10,Referral,6,20,0,1,42.0
Pulse,1-10,Event,4,48,1,0,42.0
Pulse,11-50,Event,1,56,1,1,42.0
Forward,200+,Event,1,55,1,0,41.0
Forward,1-10,LinkedIn,1,7,1,0,41.0
Nawa,1-10,Referral,6,16,0,1,41.0
Forward,200+,Event,1,27,0,1,40.0
Pulse,51-200,LinkedIn,1,11,0,1,40.0
Nawa,11-50,Event,1,52,1,0,40.0
Pulse,11-50,LinkedIn,3,7,0,0,40.0
Pulse,200+,LinkedIn,2,2,0,1,40.0
Forward,1-10,Event,6,58,1,0,39.0
Forward,11-50,Referral,6,44,0,0,39.0
Pulse,11-50,LinkedIn,3,9,0,0,39.0
Pulse,1-10,Referral,2,8,0,0,39.0
Forward,51-200,LinkedIn,5,57,1,1,38.0
Nawa,11-50,LinkedIn,7,48,1,1,38.0
Pulse,200+,Referral,4,36,0,1,38.0
Nawa,11-50,LinkedIn,3,32,1,1,38.0
Pulse,11-50,Referral,4,37,0,1,38.0
Pulse,51-200,Cold outreach,4,33,1,0,38.0
Pulse,11-50,LinkedIn,3,39,1,0,38.0
Pulse,11-50,LinkedIn,1,31,1,0,38.0
Nawa,1-10,LinkedIn,7,0,0,1,37.0
Nawa,11-50,Event,7,50,0,0,37.0
Nawa,200+,LinkedIn,2,29,1,0,36.0
Pulse,11-50,LinkedIn,5,49,1,1,36.0
Pulse,11-50,Cold outreach,1,12,1,1,36.0
Pulse,200+,LinkedIn,6,51,1,1,36.0
Pulse,51-200,LinkedIn,2,49,1,0,36.0
Forward,200+,LinkedIn,7,54,1,0,36.0
Nawa,1-10,Referral,1,3,0,1,35.0
Forward,51-200,LinkedIn,1,45,1,1,35.0
Pulse,11-50,Cold outreach,1,13,1,1,35.0
Forward,11-50,Event,2,38,0,1,35.0
Pulse,51-200,Referral,5,56,0,1,35.0
Pulse,1-10,Event,2,19,0,0,35.0
Pulse,1-10,Cold outreach,7,16,1,0,35.0
Pulse,51-200,Referral,5,58,0,0,34.0
Nawa,1-10,Event,3,48,1,0,33.0
Forward,1-10,LinkedIn,3,25,1,0,32.0
Pulse,1-10,Referral,3,21,0,0,32.0
Pulse,1-10,Referral,3,21,0,1,32.0
Nawa,11-50,Cold outreach,3,18,1,0,32.0
Pulse,1-10,LinkedIn,2,22,1,0,32.0
Forward,11-50,LinkedIn,3,45,1,1,32.0
Forward,51-200,Event,1,51,0,0,31.0
Forward,51-200,Referral,4,56,0,0,31.0
Nawa,200+,Referral,3,36,0,1,30.0
Nawa,51-200,LinkedIn,1,45,1,0,30.0
Pulse,1-10,LinkedIn,4,32,1,1,30.0
Forward,1-10,LinkedIn,1,20,1,0,30.0
Forward,11-50,LinkedIn,4,53,1,0,29.0
Forward,1-10,LinkedIn,4,4,0,0,29.0
Pulse,1-10,Event,1,23,0,0,29.0
Forward,51-200,LinkedIn,1,52,1,1,29.0
Nawa,200+,LinkedIn,3,42,1,1,29.0
Forward,1-10,LinkedIn,5,37,1,1,29.0
Pulse,51-200,Referral,3,56,0,0,29.0
Pulse,11-50,Cold outreach,3,30,1,0,28.0
Nawa,1-10,LinkedIn,2,21,1,0,28.0
Pulse,11-50,Referral,5,54,0,1,28.0
Pulse,11-50,Cold outreach,6,14,0,1,27.0
Pulse,1-10,LinkedIn,2,29,1,0,27.0
Pulse,1-10,LinkedIn,2,28,1,0,27.0
Nawa,1-10,Event,4,31,0,0,27.0
Nawa,51-200,LinkedIn,7,45,0,0,26.0
Forward,1-10,Referral,5,35,0,0,26.0
Pulse,1-10,Cold outreach,7,28,1,0,26.0
Forward,51-200,Cold outreach,1,6,0,0,26.0
Nawa,1-10,LinkedIn,4,3,0,0,26.0
Forward,11-50,Cold outreach,1,24,1,0,26.0
Nawa,11-50,Event,4,52,0,1,26.0
Forward,1-10,Event,1,57,1,0,25.0
Nawa,1-10,Referral,1,16,0,1,25.0
Nawa,1-10,Cold outreach,4,11,1,1,25.0
Nawa,1-10,LinkedIn,2,25,1,1,25.0
Pulse,200+,Cold outreach,7,19,0,0,25.0
Nawa,1-10,LinkedIn,7,16,0,0,25.0
Pulse,11-50,LinkedIn,6,39,0,0,24.0
Forward,1-10,Cold outreach,6,26,1,1,24.0
Nawa,200+,Referral,6,55,0,0,24.0
Forward,11-50,Cold outreach,7,21,0,1,24.0
Forward,1-10,Referral,6,43,0,0,24.0
Pulse,51-200,Cold outreach,4,21,0,1,24.0
Nawa,11-50,Cold outreach,6,40,1,0,24.0
Forward,1-10,LinkedIn,1,29,1,0,23.0
Forward,200+,Referral,5,59,0,0,23.0
Forward,51-200,Cold outreach,6,59,1,1,23.0
Pulse,1-10,Cold outreach,3,16,1,0,23.0
Pulse,200+,LinkedIn,7,43,0,1,23.0
Pulse,1-10,Referral,1,25,0,1,23.0
Nawa,51-200,Cold outreach,6,26,0,0,22.0
Forward,51-200,Cold outreach,1,11,0,1,22.0
Pulse,11-50,Cold outreach,6,50,1,0,22.0
Forward,11-50,Cold outreach,3,37,1,0,22.0
Nawa,200+,Cold outreach,1,23,1,1,22.0
Nawa,11-50,Cold outreach,4,6,0,0,22.0
Forward,11-50,Cold outreach,2,33,1,0,22.0
Nawa,1-10,Referral,7,45,0,0,21.0
Forward,11-50,LinkedIn,2,28,0,0,21.0
Pulse,1-10,LinkedIn,2,37,1,0,21.0
Nawa,1-10,Event,6,48,0,0,21.0
Forward,51-200,LinkedIn,4,47,0,0,21.0
Pulse,11-50,LinkedIn,1,26,0,0,20.0
Nawa,1-10,LinkedIn,6,49,1,0,20.0
Pulse,200+,Cold outreach,7,26,0,0,20.0
Forward,1-10,LinkedIn,1,5,0,1,20.0
Forward,51-200,Cold outreach,4,27,0,0,20.0
Nawa,11-50,Referral,5,59,0,1,20.0
Forward,11-50,Cold outreach,3,43,1,0,19.0
Forward,11-50,Referral,1,51,0,1,19.0
Nawa,11-50,Cold outreach,2,32,1,1,19.0
Pulse,11-50,LinkedIn,5,44,0,0,19.0
Pulse,11-50,LinkedIn,4,39,0,0,19.0
Forward,1-10,LinkedIn,6,26,0,0,19.0
Pulse,1-10,LinkedIn,3,44,1,1,19.0
Nawa,1-10,Cold outreach,7,34,1,0,18.0
Nawa,1-10,Referral,7,50,0,0,18.0
Forward,11-50,LinkedIn,1,58,1,0,18.0
Nawa,51-200,Cold outreach,2,46,1,0,18.0
Pulse,1-10,LinkedIn,5,55,1,0,18.0
Pulse,1-10,Cold outreach,6,37,1,0,18.0
Forward,1-10,LinkedIn,7,33,0,0,18.0
Forward,51-200,Cold outreach,1,48,1,0,18.0
Pulse,1-10,LinkedIn,2,13,0,0,18.0
Nawa,11-50,LinkedIn,4,37,0,0,17.0
Pulse,1-10,Event,5,57,0,1,17.0
Pulse,1-10,Event,4,53,0,0,17.0
Forward,51-200,Cold outreach,3,58,1,0,17.0
Forward,11-50,LinkedIn,1,30,0,0,17.0
Forward,51-200,LinkedIn,2,45,0,0,17.0
Forward,11-50,Cold outreach,3,46,1,0,17.0
Nawa,1-10,Referral,4,43,0,0,16.0
Nawa,1-10,Referral,4,43,0,0,16.0
Forward,1-10,Event,1,42,0,0,16.0
Forward,11-50,Cold outreach,3,18,0,0,16.0
Pulse,51-200,Cold outreach,4,35,0,0,16.0
Nawa,1-10,Cold outreach,7,11,0,0,15.0
Pulse,11-50,LinkedIn,3,43,0,0,15.0
Pulse,1-10,LinkedIn,4,27,0,0,15.0
Nawa,11-50,Cold outreach,4,20,0,0,15.0
Pulse,11-50,LinkedIn,2,40,0,0,15.0
Nawa,51-200,Cold outreach,4,31,0,1,15.0
Pulse,1-10,Cold outreach,4,5,0,0,15.0
Nawa,51-200,LinkedIn,3,48,0,0,15.0
Nawa,11-50,Cold outreach,5,53,1,0,15.0
Nawa,11-50,LinkedIn,6,48,0,0,15.0
Pulse,51-200,LinkedIn,2,52,0,0,14.0
Pulse,1-10,LinkedIn,4,59,1,0,14.0
Nawa,1-10,Referral,3,42,0,0,14.0
Nawa,11-50,Cold outreach,7,34,0,0,14.0
Forward,11-50,LinkedIn,1,37,0,0,14.0
Nawa,51-200,LinkedIn,5,58,0,0,14.0
Pulse,11-50,Cold outreach,2,21,0,0,14.0
Pulse,1-10,LinkedIn,5,34,0,0,14.0
Forward,11-50,LinkedIn,2,42,0,0,13.0
Pulse,1-10,LinkedIn,7,44,0,0,13.0
Nawa,200+,Cold outreach,1,11,0,1,13.0
Nawa,1-10,Referral,2,42,0,0,13.0
Nawa,1-10,Cold outreach,4,5,0,0,13.0
Forward,1-10,Referral,1,42,0,0,13.0
Pulse,1-10,Cold outreach,1,28,1,0,13.0
Nawa,11-50,Referral,1,58,0,0,13.0
Forward,1-10,LinkedIn,7,43,0,0,13.0
Nawa,51-200,LinkedIn,1,48,0,1,12.0
Forward,11-50,LinkedIn,2,45,0,0,12.0
Nawa,200+,LinkedIn,3,42,0,0,12.0
Pulse,1-10,Cold outreach,3,9,0,0,12.0
Nawa,1-10,LinkedIn,1,44,1,0,12.0
Pulse,51-200,LinkedIn,1,53,0,0,12.0
Forward,200+,Cold outreach,2,52,1,0,12.0
Nawa,1-10,Cold outreach,6,13,0,0,12.0
Pulse,1-10,Cold outreach,4,14,0,0,11.0
Pulse,11-50,Cold outreach,1,24,0,0,11.0
Nawa,51-200,LinkedIn,3,59,0,0,11.0
Pulse,1-10,Referral,2,56,0,0,10.0
Pulse,1-10,LinkedIn,6,49,0,0,10.0
Pulse,1-10,Cold outreach,6,25,0,0,10.0
Pulse,1-10,Referral,1,51,0,0,10.0
Nawa,1-10,Event,2,55,0,0,10.0
Forward,1-10,LinkedIn,7,54,0,0,9.0
Forward,200+,Cold outreach,5,44,0,0,9.0
Nawa,1-10,Event,1,54,0,0,9.0
Pulse,1-10,Cold outreach,4,49,1,0,9.0
Nawa,11-50,Cold outreach,7,46,0,0,9.0
Forward,11-50,LinkedIn,2,55,0,0,9.0
Nawa,11-50,Cold outreach,4,38,0,0,8.0
Pulse,11-50,Cold outreach,6,54,0,0,8.0
Forward,1-10,Cold outreach,3,49,1,0,8.0
Forward,1-10,Cold outreach,4,54,1,0,8.0
Pulse,1-10,LinkedIn,4,47,0,0,8.0
Nawa,1-10,LinkedIn,3,40,0,0,7.0
Nawa,1-10,Cold outreach,4,24,0,0,7.0
Pulse,11-50,Cold outreach,4,47,0,1,7.0
Nawa,11-50,LinkedIn,2,56,0,0,7.0
Nawa,11-50,Cold outreach,2,34,0,0,7.0
Nawa,11-50,Cold outreach,4,44,0,0,7.0
Nawa,11-50,Cold outreach,7,56,0,0,7.0
Nawa,11-50,LinkedIn,1,58,0,0,6.0
Nawa,1-10,Cold outreach,5,29,0,0,6.0
Nawa,1-10,LinkedIn,5,53,0,0,6.0
Forward,11-50,Cold outreach,1,39,0,0,6.0
Forward,1-10,LinkedIn,1,49,0,0,5.0
Pulse,200+,Cold outreach,4,55,0,0,5.0
Nawa,1-10,Cold outreach,5,40,0,0,4.0
Nawa,1-10,LinkedIn,2,50,0,0,4.0
Pulse,1-10,Cold outreach,4,42,0,0,4.0
Nawa,11-50,Cold outreach,1,46,0,0,4.0
Forward,1-10,Cold outreach,3,44,0,0,3.0
Forward,11-50,Cold outreach,1,56,0,0,3.0
Pulse,1-10,Cold outreach,1,44,0,0,3.0
Pulse,1-10,Cold outreach,3,46,0,0,3.0
Pulse,1-10,Cold outreach,1,49,0,0,2.0
Nawa,1-10,Cold outreach,1,59,0,0,1.0
